{
  "Total" : {
    "transaction" : "Total",
    "sampleCount" : 750,
    "errorCount" : 0,
    "errorPct" : 0.0,
    "meanResTime" : 195.55866666666657,
    "medianResTime" : 165.5,
    "minResTime" : 98.0,
    "maxResTime" : 1221.0,
    "pct1ResTime" : 237.0,
    "pct2ResTime" : 322.24999999999966,
    "pct3ResTime" : 1024.6800000000003,
    "throughput" : 72.5338491295938,
    "receivedKBytesPerSec" : 469.39600459381046,
    "sentKBytesPerSec" : 31.21411085589942
  },
  "Escolha do destino" : {
    "transaction" : "Escolha do destino",
    "sampleCount" : 250,
    "errorCount" : 0,
    "errorPct" : 0.0,
    "meanResTime" : 252.51999999999998,
    "medianResTime" : 187.0,
    "minResTime" : 129.0,
    "maxResTime" : 1221.0,
    "pct1ResTime" : 380.9000000000002,
    "pct2ResTime" : 801.2999999999994,
    "pct3ResTime" : 1176.2600000000007,
    "throughput" : 24.972530216761562,
    "receivedKBytesPerSec" : 180.0033634876636,
    "sentKBytesPerSec" : 9.53540948706423
  },
  "Escolha da passagem" : {
    "transaction" : "Escolha da passagem",
    "sampleCount" : 250,
    "errorCount" : 0,
    "errorPct" : 0.0,
    "meanResTime" : 161.39199999999997,
    "medianResTime" : 153.5,
    "minResTime" : 102.0,
    "maxResTime" : 349.0,
    "pct1ResTime" : 199.8,
    "pct2ResTime" : 223.45,
    "pct3ResTime" : 321.2900000000002,
    "throughput" : 27.609055770292656,
    "receivedKBytesPerSec" : 181.15919209000552,
    "sentKBytesPerSec" : 10.056814260077306
  },
  "Confirmação de compra" : {
    "transaction" : "Confirmação de compra",
    "sampleCount" : 250,
    "errorCount" : 0,
    "errorPct" : 0.0,
    "meanResTime" : 172.76399999999992,
    "medianResTime" : 157.0,
    "minResTime" : 98.0,
    "maxResTime" : 516.0,
    "pct1ResTime" : 225.0,
    "pct2ResTime" : 274.84999999999985,
    "pct3ResTime" : 421.5100000000009,
    "throughput" : 27.53303964757709,
    "receivedKBytesPerSec" : 155.41239330947135,
    "sentKBytesPerSec" : 15.003355589207048
  }
}