{
  "Total" : {
    "transaction" : "Total",
    "sampleCount" : 750,
    "errorCount" : 0,
    "errorPct" : 0.0,
    "meanResTime" : 210.45866666666697,
    "medianResTime" : 198.0,
    "minResTime" : 131.0,
    "maxResTime" : 820.0,
    "pct1ResTime" : 255.89999999999998,
    "pct2ResTime" : 294.44999999999993,
    "pct3ResTime" : 686.2900000000002,
    "throughput" : 71.65376898824879,
    "receivedKBytesPerSec" : 463.69840928632846,
    "sentKBytesPerSec" : 30.835378451323205
  },
  "Escolha do destino" : {
    "transaction" : "Escolha do destino",
    "sampleCount" : 250,
    "errorCount" : 0,
    "errorPct" : 0.0,
    "meanResTime" : 249.1279999999999,
    "medianResTime" : 219.0,
    "minResTime" : 166.0,
    "maxResTime" : 820.0,
    "pct1ResTime" : 299.0,
    "pct2ResTime" : 425.5999999999999,
    "pct3ResTime" : 767.3300000000002,
    "throughput" : 24.79666732791113,
    "receivedKBytesPerSec" : 178.7345718235469,
    "sentKBytesPerSec" : 9.468258716028565
  },
  "Escolha da passagem" : {
    "transaction" : "Escolha da passagem",
    "sampleCount" : 250,
    "errorCount" : 0,
    "errorPct" : 0.0,
    "meanResTime" : 188.92800000000003,
    "medianResTime" : 181.0,
    "minResTime" : 131.0,
    "maxResTime" : 348.0,
    "pct1ResTime" : 225.0,
    "pct2ResTime" : 246.45,
    "pct3ResTime" : 316.45000000000005,
    "throughput" : 26.227444397817877,
    "receivedKBytesPerSec" : 172.09363033728494,
    "sentKBytesPerSec" : 9.55355152381452
  },
  "Confirmação de compra" : {
    "transaction" : "Confirmação de compra",
    "sampleCount" : 250,
    "errorCount" : 0,
    "errorPct" : 0.0,
    "meanResTime" : 193.31999999999994,
    "medianResTime" : 182.0,
    "minResTime" : 132.0,
    "maxResTime" : 403.0,
    "pct1ResTime" : 242.70000000000002,
    "pct2ResTime" : 277.4999999999999,
    "pct3ResTime" : 337.3900000000001,
    "throughput" : 26.142423925546378,
    "receivedKBytesPerSec" : 147.5617287984942,
    "sentKBytesPerSec" : 14.24557866255359
  }
}