{
  "Total" : {
    "transaction" : "Total",
    "sampleCount" : 750,
    "errorCount" : 0,
    "errorPct" : 0.0,
    "meanResTime" : 234.64133333333328,
    "medianResTime" : 193.0,
    "minResTime" : 161.0,
    "maxResTime" : 1590.0,
    "pct1ResTime" : 283.0,
    "pct2ResTime" : 361.3499999999998,
    "pct3ResTime" : 1333.6400000000003,
    "throughput" : 72.37286500048248,
    "receivedKBytesPerSec" : 468.3523261845026,
    "sentKBytesPerSec" : 31.144833180546176
  },
  "Escolha do destino" : {
    "transaction" : "Escolha do destino",
    "sampleCount" : 250,
    "errorCount" : 0,
    "errorPct" : 0.0,
    "meanResTime" : 315.45600000000013,
    "medianResTime" : 213.0,
    "minResTime" : 180.0,
    "maxResTime" : 1590.0,
    "pct1ResTime" : 600.6,
    "pct2ResTime" : 1109.2999999999997,
    "pct3ResTime" : 1440.0900000000013,
    "throughput" : 24.96006389776358,
    "receivedKBytesPerSec" : 179.9127255765775,
    "sentKBytesPerSec" : 9.53064939846246
  },
  "Escolha da passagem" : {
    "transaction" : "Escolha da passagem",
    "sampleCount" : 250,
    "errorCount" : 0,
    "errorPct" : 0.0,
    "meanResTime" : 194.98400000000004,
    "medianResTime" : 181.0,
    "minResTime" : 162.0,
    "maxResTime" : 407.0,
    "pct1ResTime" : 239.9,
    "pct2ResTime" : 284.5999999999999,
    "pct3ResTime" : 329.3700000000001,
    "throughput" : 28.229448961156276,
    "receivedKBytesPerSec" : 185.22907315661698,
    "sentKBytesPerSec" : 10.282797326671183
  },
  "Confirmação de compra" : {
    "transaction" : "Confirmação de compra",
    "sampleCount" : 250,
    "errorCount" : 0,
    "errorPct" : 0.0,
    "meanResTime" : 193.48399999999992,
    "medianResTime" : 181.0,
    "minResTime" : 161.0,
    "maxResTime" : 363.0,
    "pct1ResTime" : 239.70000000000002,
    "pct2ResTime" : 271.9,
    "pct3ResTime" : 323.6800000000003,
    "throughput" : 28.216704288939052,
    "receivedKBytesPerSec" : 159.27095090293454,
    "sentKBytesPerSec" : 15.37589940744921
  }
}