{
  "Total" : {
    "transaction" : "Total",
    "sampleCount" : 750,
    "errorCount" : 0,
    "errorPct" : 0.0,
    "meanResTime" : 189.30800000000013,
    "medianResTime" : 172.0,
    "minResTime" : 104.0,
    "maxResTime" : 885.0,
    "pct1ResTime" : 247.0,
    "pct2ResTime" : 290.0,
    "pct3ResTime" : 725.2700000000002,
    "throughput" : 72.50580046403712,
    "receivedKBytesPerSec" : 469.2129797467131,
    "sentKBytesPerSec" : 31.20204043406806
  },
  "Escolha do destino" : {
    "transaction" : "Escolha do destino",
    "sampleCount" : 250,
    "errorCount" : 0,
    "errorPct" : 0.0,
    "meanResTime" : 223.64400000000003,
    "medianResTime" : 191.0,
    "minResTime" : 128.0,
    "maxResTime" : 885.0,
    "pct1ResTime" : 285.1,
    "pct2ResTime" : 398.44999999999953,
    "pct3ResTime" : 796.3800000000006,
    "throughput" : 24.970035956851778,
    "receivedKBytesPerSec" : 179.9857748826408,
    "sentKBytesPerSec" : 9.534457088993207
  },
  "Escolha da passagem" : {
    "transaction" : "Escolha da passagem",
    "sampleCount" : 250,
    "errorCount" : 0,
    "errorPct" : 0.0,
    "meanResTime" : 172.376,
    "medianResTime" : 161.0,
    "minResTime" : 104.0,
    "maxResTime" : 363.0,
    "pct1ResTime" : 222.8,
    "pct2ResTime" : 278.79999999999995,
    "pct3ResTime" : 343.4100000000001,
    "throughput" : 26.641091219096335,
    "receivedKBytesPerSec" : 174.80614443467604,
    "sentKBytesPerSec" : 9.70422561008099
  },
  "Confirmação de compra" : {
    "transaction" : "Confirmação de compra",
    "sampleCount" : 250,
    "errorCount" : 0,
    "errorPct" : 0.0,
    "meanResTime" : 171.90400000000002,
    "medianResTime" : 161.0,
    "minResTime" : 104.0,
    "maxResTime" : 391.0,
    "pct1ResTime" : 222.70000000000002,
    "pct2ResTime" : 253.89999999999998,
    "pct3ResTime" : 333.0,
    "throughput" : 26.446630699248914,
    "receivedKBytesPerSec" : 149.2796598963292,
    "sentKBytesPerSec" : 14.411347588067281
  }
}