{
  "Total" : {
    "transaction" : "Total",
    "sampleCount" : 750,
    "errorCount" : 0,
    "errorPct" : 0.0,
    "meanResTime" : 247.2826666666668,
    "medianResTime" : 193.0,
    "minResTime" : 155.0,
    "maxResTime" : 1675.0,
    "pct1ResTime" : 288.69999999999993,
    "pct2ResTime" : 496.2499999999983,
    "pct3ResTime" : 1547.6200000000003,
    "throughput" : 72.34494067714864,
    "receivedKBytesPerSec" : 468.1716172711488,
    "sentKBytesPerSec" : 31.13281626796566
  },
  "Escolha do destino" : {
    "transaction" : "Escolha do destino",
    "sampleCount" : 250,
    "errorCount" : 0,
    "errorPct" : 0.0,
    "meanResTime" : 343.04399999999987,
    "medianResTime" : 210.0,
    "minResTime" : 180.0,
    "maxResTime" : 1675.0,
    "pct1ResTime" : 806.8000000000002,
    "pct2ResTime" : 1341.0999999999995,
    "pct3ResTime" : 1617.8400000000001,
    "throughput" : 24.98500899460324,
    "receivedKBytesPerSec" : 180.09331120077954,
    "sentKBytesPerSec" : 9.540174332900259
  },
  "Escolha da passagem" : {
    "transaction" : "Escolha da passagem",
    "sampleCount" : 250,
    "errorCount" : 0,
    "errorPct" : 0.0,
    "meanResTime" : 203.77999999999994,
    "medianResTime" : 182.0,
    "minResTime" : 160.0,
    "maxResTime" : 563.0,
    "pct1ResTime" : 241.9,
    "pct2ResTime" : 378.5999999999997,
    "pct3ResTime" : 527.7200000000003,
    "throughput" : 29.157919290879402,
    "receivedKBytesPerSec" : 191.3208264083275,
    "sentKBytesPerSec" : 10.620999897947282
  },
  "Confirmação de compra" : {
    "transaction" : "Confirmação de compra",
    "sampleCount" : 250,
    "errorCount" : 0,
    "errorPct" : 0.0,
    "meanResTime" : 195.02399999999997,
    "medianResTime" : 179.0,
    "minResTime" : 155.0,
    "maxResTime" : 451.0,
    "pct1ResTime" : 236.9,
    "pct2ResTime" : 282.45,
    "pct3ResTime" : 401.6400000000003,
    "throughput" : 29.093448155475386,
    "receivedKBytesPerSec" : 164.2193318689631,
    "sentKBytesPerSec" : 15.85365631909694
  }
}