{
  "Total" : {
    "transaction" : "Total",
    "sampleCount" : 750,
    "errorCount" : 0,
    "errorPct" : 0.0,
    "meanResTime" : 590.0213333333327,
    "medianResTime" : 371.5,
    "minResTime" : 159.0,
    "maxResTime" : 2861.0,
    "pct1ResTime" : 1242.8,
    "pct2ResTime" : 1701.1499999999996,
    "pct3ResTime" : 2658.6000000000004,
    "throughput" : 56.56961834364157,
    "receivedKBytesPerSec" : 366.08203537486804,
    "sentKBytesPerSec" : 24.344087060642632
  },
  "Escolha do destino" : {
    "transaction" : "Escolha do destino",
    "sampleCount" : 250,
    "errorCount" : 0,
    "errorPct" : 0.0,
    "meanResTime" : 623.58,
    "medianResTime" : 397.5,
    "minResTime" : 180.0,
    "maxResTime" : 2861.0,
    "pct1ResTime" : 1479.7,
    "pct2ResTime" : 1927.1999999999987,
    "pct3ResTime" : 2694.2700000000013,
    "throughput" : 21.026072329688816,
    "receivedKBytesPerSec" : 151.55609361858703,
    "sentKBytesPerSec" : 8.028510039949538
  },
  "Escolha da passagem" : {
    "transaction" : "Escolha da passagem",
    "sampleCount" : 250,
    "errorCount" : 0,
    "errorPct" : 0.0,
    "meanResTime" : 602.92,
    "medianResTime" : 391.5,
    "minResTime" : 162.0,
    "maxResTime" : 2834.0,
    "pct1ResTime" : 1302.2000000000003,
    "pct2ResTime" : 1885.4499999999955,
    "pct3ResTime" : 2696.6400000000003,
    "throughput" : 20.242914979757085,
    "receivedKBytesPerSec" : 132.82436108299595,
    "sentKBytesPerSec" : 7.373639929149798
  },
  "Confirmação de compra" : {
    "transaction" : "Confirmação de compra",
    "sampleCount" : 250,
    "errorCount" : 0,
    "errorPct" : 0.0,
    "meanResTime" : 543.5639999999997,
    "medianResTime" : 323.0,
    "minResTime" : 159.0,
    "maxResTime" : 2824.0,
    "pct1ResTime" : 1175.1000000000001,
    "pct2ResTime" : 1552.9499999999991,
    "pct3ResTime" : 2612.3800000000024,
    "throughput" : 20.223264843876397,
    "receivedKBytesPerSec" : 114.15085038828668,
    "sentKBytesPerSec" : 11.020099397346707
  }
}