{
  "Total" : {
    "transaction" : "Total",
    "sampleCount" : 750,
    "errorCount" : 0,
    "errorPct" : 0.0,
    "meanResTime" : 223.77599999999984,
    "medianResTime" : 182.0,
    "minResTime" : 82.0,
    "maxResTime" : 1035.0,
    "pct1ResTime" : 371.69999999999993,
    "pct2ResTime" : 492.7999999999997,
    "pct3ResTime" : 715.47,
    "throughput" : 72.40780073373237,
    "receivedKBytesPerSec" : 468.5769001013709,
    "sentKBytesPerSec" : 31.15986737304499
  },
  "Escolha do destino" : {
    "transaction" : "Escolha do destino",
    "sampleCount" : 250,
    "errorCount" : 0,
    "errorPct" : 0.0,
    "meanResTime" : 266.04400000000004,
    "medianResTime" : 206.0,
    "minResTime" : 111.0,
    "maxResTime" : 1035.0,
    "pct1ResTime" : 487.00000000000006,
    "pct2ResTime" : 600.5999999999999,
    "pct3ResTime" : 902.7100000000007,
    "throughput" : 24.947610018960184,
    "receivedKBytesPerSec" : 179.8229577262748,
    "sentKBytesPerSec" : 9.525894059974053
  },
  "Escolha da passagem" : {
    "transaction" : "Escolha da passagem",
    "sampleCount" : 250,
    "errorCount" : 0,
    "errorPct" : 0.0,
    "meanResTime" : 205.99199999999993,
    "medianResTime" : 170.0,
    "minResTime" : 85.0,
    "maxResTime" : 717.0,
    "pct1ResTime" : 347.20000000000005,
    "pct2ResTime" : 469.34999999999997,
    "pct3ResTime" : 632.1500000000003,
    "throughput" : 26.332420476090164,
    "receivedKBytesPerSec" : 172.78079411997052,
    "sentKBytesPerSec" : 9.591789880450811
  },
  "Confirmação de compra" : {
    "transaction" : "Confirmação de compra",
    "sampleCount" : 250,
    "errorCount" : 0,
    "errorPct" : 0.0,
    "meanResTime" : 199.292,
    "medianResTime" : 166.5,
    "minResTime" : 82.0,
    "maxResTime" : 611.0,
    "pct1ResTime" : 345.8,
    "pct2ResTime" : 455.5999999999999,
    "pct3ResTime" : 572.2900000000002,
    "throughput" : 26.376872757965813,
    "receivedKBytesPerSec" : 148.88508255961173,
    "sentKBytesPerSec" : 14.373334959907154
  }
}