{
  "Total" : {
    "transaction" : "Total",
    "sampleCount" : 750,
    "errorCount" : 0,
    "errorPct" : 0.0,
    "meanResTime" : 190.11999999999998,
    "medianResTime" : 169.0,
    "minResTime" : 133.0,
    "maxResTime" : 717.0,
    "pct1ResTime" : 234.0,
    "pct2ResTime" : 292.0,
    "pct3ResTime" : 630.8600000000001,
    "throughput" : 72.44277021153289,
    "receivedKBytesPerSec" : 468.8081051386072,
    "sentKBytesPerSec" : 31.174916087124505
  },
  "Escolha do destino" : {
    "transaction" : "Escolha do destino",
    "sampleCount" : 250,
    "errorCount" : 0,
    "errorPct" : 0.0,
    "meanResTime" : 216.34000000000003,
    "medianResTime" : 183.5,
    "minResTime" : 148.0,
    "maxResTime" : 717.0,
    "pct1ResTime" : 295.6,
    "pct2ResTime" : 447.34999999999997,
    "pct3ResTime" : 665.3900000000001,
    "throughput" : 24.962556165751373,
    "receivedKBytesPerSec" : 179.93225006240638,
    "sentKBytesPerSec" : 9.53160103594608
  },
  "Escolha da passagem" : {
    "transaction" : "Escolha da passagem",
    "sampleCount" : 250,
    "errorCount" : 0,
    "errorPct" : 0.0,
    "meanResTime" : 178.43200000000004,
    "medianResTime" : 163.5,
    "minResTime" : 133.0,
    "maxResTime" : 624.0,
    "pct1ResTime" : 228.70000000000002,
    "pct2ResTime" : 252.45,
    "pct3ResTime" : 469.35000000000014,
    "throughput" : 26.221942521501994,
    "receivedKBytesPerSec" : 172.05793902087265,
    "sentKBytesPerSec" : 9.551547422383049
  },
  "Confirmação de compra" : {
    "transaction" : "Confirmação de compra",
    "sampleCount" : 250,
    "errorCount" : 0,
    "errorPct" : 0.0,
    "meanResTime" : 175.58800000000002,
    "medianResTime" : 163.0,
    "minResTime" : 137.0,
    "maxResTime" : 545.0,
    "pct1ResTime" : 206.0,
    "pct2ResTime" : 256.45,
    "pct3ResTime" : 487.60000000000036,
    "throughput" : 26.20270411906509,
    "receivedKBytesPerSec" : 147.90361990357405,
    "sentKBytesPerSec" : 14.27842665863117
  }
}