{
  "Total" : {
    "transaction" : "Total",
    "sampleCount" : 750,
    "errorCount" : 0,
    "errorPct" : 0.0,
    "meanResTime" : 173.7253333333334,
    "medianResTime" : 156.5,
    "minResTime" : 81.0,
    "maxResTime" : 781.0,
    "pct1ResTime" : 220.89999999999998,
    "pct2ResTime" : 285.24999999999966,
    "pct3ResTime" : 596.9500000000005,
    "throughput" : 72.44277021153289,
    "receivedKBytesPerSec" : 468.80584130203806,
    "sentKBytesPerSec" : 31.174916087124505
  },
  "Escolha do destino" : {
    "transaction" : "Escolha do destino",
    "sampleCount" : 250,
    "errorCount" : 0,
    "errorPct" : 0.0,
    "meanResTime" : 210.43599999999995,
    "medianResTime" : 179.0,
    "minResTime" : 117.0,
    "maxResTime" : 781.0,
    "pct1ResTime" : 285.9000000000001,
    "pct2ResTime" : 455.45,
    "pct3ResTime" : 731.0900000000004,
    "throughput" : 24.865725084543463,
    "receivedKBytesPerSec" : 179.23311772677542,
    "sentKBytesPerSec" : 9.49462744927392
  },
  "Escolha da passagem" : {
    "transaction" : "Escolha da passagem",
    "sampleCount" : 250,
    "errorCount" : 0,
    "errorPct" : 0.0,
    "meanResTime" : 157.16799999999998,
    "medianResTime" : 141.0,
    "minResTime" : 81.0,
    "maxResTime" : 535.0,
    "pct1ResTime" : 207.70000000000002,
    "pct2ResTime" : 254.34999999999997,
    "pct3ResTime" : 458.4100000000001,
    "throughput" : 26.32410234810993,
    "receivedKBytesPerSec" : 172.72703715647046,
    "sentKBytesPerSec" : 9.588759937348637
  },
  "Confirmação de compra" : {
    "transaction" : "Confirmação de compra",
    "sampleCount" : 250,
    "errorCount" : 0,
    "errorPct" : 0.0,
    "meanResTime" : 153.572,
    "medianResTime" : 145.0,
    "minResTime" : 82.0,
    "maxResTime" : 570.0,
    "pct1ResTime" : 197.60000000000002,
    "pct2ResTime" : 236.45,
    "pct3ResTime" : 374.1500000000003,
    "throughput" : 26.18897967735177,
    "receivedKBytesPerSec" : 147.82615100565684,
    "sentKBytesPerSec" : 14.270947910119423
  }
}