{
  "Total" : {
    "transaction" : "Total",
    "sampleCount" : 750,
    "errorCount" : 0,
    "errorPct" : 0.0,
    "meanResTime" : 286.9986666666669,
    "medianResTime" : 186.0,
    "minResTime" : 128.0,
    "maxResTime" : 63187.0,
    "pct1ResTime" : 238.0,
    "pct2ResTime" : 263.0,
    "pct3ResTime" : 665.49,
    "throughput" : 11.104695065073514,
    "receivedKBytesPerSec" : 71.86374492885592,
    "sentKBytesPerSec" : 4.778778279956765
  },
  "Escolha do destino" : {
    "transaction" : "Escolha do destino",
    "sampleCount" : 250,
    "errorCount" : 0,
    "errorPct" : 0.0,
    "meanResTime" : 500.63599999999974,
    "medianResTime" : 223.0,
    "minResTime" : 175.0,
    "maxResTime" : 63187.0,
    "pct1ResTime" : 287.40000000000003,
    "pct2ResTime" : 472.2499999999995,
    "pct3ResTime" : 828.1700000000003,
    "throughput" : 3.7286163850318426,
    "receivedKBytesPerSec" : 26.87659514869722,
    "sentKBytesPerSec" : 1.4237197329564943
  },
  "Escolha da passagem" : {
    "transaction" : "Escolha da passagem",
    "sampleCount" : 250,
    "errorCount" : 0,
    "errorPct" : 0.0,
    "meanResTime" : 180.61600000000004,
    "medianResTime" : 177.0,
    "minResTime" : 128.0,
    "maxResTime" : 317.0,
    "pct1ResTime" : 210.9,
    "pct2ResTime" : 229.45,
    "pct3ResTime" : 267.33000000000015,
    "throughput" : 3.7519510145275543,
    "receivedKBytesPerSec" : 24.618924887816664,
    "sentKBytesPerSec" : 1.3666774691589625
  },
  "Confirmação de compra" : {
    "transaction" : "Confirmação de compra",
    "sampleCount" : 250,
    "errorCount" : 0,
    "errorPct" : 0.0,
    "meanResTime" : 179.74399999999983,
    "medianResTime" : 175.0,
    "minResTime" : 128.0,
    "maxResTime" : 361.0,
    "pct1ResTime" : 209.0,
    "pct2ResTime" : 230.45,
    "pct3ResTime" : 333.49,
    "throughput" : 3.752176262232094,
    "receivedKBytesPerSec" : 21.179510678693642,
    "sentKBytesPerSec" : 2.0446429241460047
  }
}