{
  "Total" : {
    "transaction" : "Total",
    "sampleCount" : 750,
    "errorCount" : 0,
    "errorPct" : 0.0,
    "meanResTime" : 207.16666666666666,
    "medianResTime" : 191.0,
    "minResTime" : 155.0,
    "maxResTime" : 911.0,
    "pct1ResTime" : 247.0,
    "pct2ResTime" : 276.0,
    "pct3ResTime" : 686.7000000000003,
    "throughput" : 72.31703789412785,
    "receivedKBytesPerSec" : 467.99217770706775,
    "sentKBytesPerSec" : 31.120808625012053
  },
  "Escolha do destino" : {
    "transaction" : "Escolha do destino",
    "sampleCount" : 250,
    "errorCount" : 0,
    "errorPct" : 0.0,
    "meanResTime" : 253.59600000000003,
    "medianResTime" : 220.0,
    "minResTime" : 197.0,
    "maxResTime" : 911.0,
    "pct1ResTime" : 283.0,
    "pct2ResTime" : 522.1999999999998,
    "pct3ResTime" : 804.49,
    "throughput" : 24.92522432701894,
    "receivedKBytesPerSec" : 179.66199059072784,
    "sentKBytesPerSec" : 9.517346398305085
  },
  "Escolha da passagem" : {
    "transaction" : "Escolha da passagem",
    "sampleCount" : 250,
    "errorCount" : 0,
    "errorPct" : 0.0,
    "meanResTime" : 185.88800000000012,
    "medianResTime" : 177.0,
    "minResTime" : 157.0,
    "maxResTime" : 318.0,
    "pct1ResTime" : 220.9,
    "pct2ResTime" : 250.45,
    "pct3ResTime" : 292.8600000000001,
    "throughput" : 26.587259385302563,
    "receivedKBytesPerSec" : 174.4533410214825,
    "sentKBytesPerSec" : 9.684616944060405
  },
  "Confirmação de compra" : {
    "transaction" : "Confirmação de compra",
    "sampleCount" : 250,
    "errorCount" : 0,
    "errorPct" : 0.0,
    "meanResTime" : 182.016,
    "medianResTime" : 177.0,
    "minResTime" : 155.0,
    "maxResTime" : 277.0,
    "pct1ResTime" : 207.9,
    "pct2ResTime" : 225.45,
    "pct3ResTime" : 268.8800000000001,
    "throughput" : 26.57877950244525,
    "receivedKBytesPerSec" : 150.02682795556026,
    "sentKBytesPerSec" : 14.483358361684031
  }
}