{
  "Total" : {
    "transaction" : "Total",
    "sampleCount" : 750,
    "errorCount" : 0,
    "errorPct" : 0.0,
    "meanResTime" : 167.14666666666676,
    "medianResTime" : 157.0,
    "minResTime" : 99.0,
    "maxResTime" : 689.0,
    "pct1ResTime" : 196.0,
    "pct2ResTime" : 224.24999999999966,
    "pct3ResTime" : 539.1700000000003,
    "throughput" : 73.11366738155586,
    "receivedKBytesPerSec" : 473.15167125658024,
    "sentKBytesPerSec" : 31.463628996880487
  },
  "Escolha do destino" : {
    "transaction" : "Escolha do destino",
    "sampleCount" : 250,
    "errorCount" : 0,
    "errorPct" : 0.0,
    "meanResTime" : 198.98000000000016,
    "medianResTime" : 177.0,
    "minResTime" : 125.0,
    "maxResTime" : 689.0,
    "pct1ResTime" : 228.8,
    "pct2ResTime" : 337.3499999999993,
    "pct3ResTime" : 680.49,
    "throughput" : 25.012506253126563,
    "receivedKBytesPerSec" : 180.29620278889445,
    "sentKBytesPerSec" : 9.550673774387194
  },
  "Escolha da passagem" : {
    "transaction" : "Escolha da passagem",
    "sampleCount" : 250,
    "errorCount" : 0,
    "errorPct" : 0.0,
    "meanResTime" : 151.32399999999998,
    "medianResTime" : 147.0,
    "minResTime" : 99.0,
    "maxResTime" : 321.0,
    "pct1ResTime" : 179.9,
    "pct2ResTime" : 197.45,
    "pct3ResTime" : 310.43000000000006,
    "throughput" : 26.410310585252482,
    "receivedKBytesPerSec" : 173.2922845578914,
    "sentKBytesPerSec" : 9.620161961229664
  },
  "Confirmação de compra" : {
    "transaction" : "Confirmação de compra",
    "sampleCount" : 250,
    "errorCount" : 0,
    "errorPct" : 0.0,
    "meanResTime" : 151.13600000000005,
    "medianResTime" : 150.0,
    "minResTime" : 101.0,
    "maxResTime" : 251.0,
    "pct1ResTime" : 171.9,
    "pct2ResTime" : 187.89999999999998,
    "pct3ResTime" : 236.96000000000004,
    "throughput" : 26.418683292824685,
    "receivedKBytesPerSec" : 149.12232180598122,
    "sentKBytesPerSec" : 14.396118434957202
  }
}