{
  "Total" : {
    "transaction" : "Total",
    "sampleCount" : 750,
    "errorCount" : 0,
    "errorPct" : 0.0,
    "meanResTime" : 180.9173333333335,
    "medianResTime" : 164.5,
    "minResTime" : 98.0,
    "maxResTime" : 797.0,
    "pct1ResTime" : 233.79999999999995,
    "pct2ResTime" : 274.7999999999997,
    "pct3ResTime" : 601.1700000000003,
    "throughput" : 72.83674856754395,
    "receivedKBytesPerSec" : 471.35429311935513,
    "sentKBytesPerSec" : 31.34446015829853
  },
  "Escolha do destino" : {
    "transaction" : "Escolha do destino",
    "sampleCount" : 250,
    "errorCount" : 0,
    "errorPct" : 0.0,
    "meanResTime" : 208.9959999999999,
    "medianResTime" : 177.0,
    "minResTime" : 120.0,
    "maxResTime" : 797.0,
    "pct1ResTime" : 271.6,
    "pct2ResTime" : 467.6499999999998,
    "pct3ResTime" : 774.98,
    "throughput" : 24.897918534010557,
    "receivedKBytesPerSec" : 179.46478033811374,
    "sentKBytesPerSec" : 9.506920065232546
  },
  "Escolha da passagem" : {
    "transaction" : "Escolha da passagem",
    "sampleCount" : 250,
    "errorCount" : 0,
    "errorPct" : 0.0,
    "meanResTime" : 166.59599999999998,
    "medianResTime" : 154.0,
    "minResTime" : 98.0,
    "maxResTime" : 442.0,
    "pct1ResTime" : 220.9,
    "pct2ResTime" : 256.24999999999994,
    "pct3ResTime" : 318.2500000000002,
    "throughput" : 26.404731727925643,
    "receivedKBytesPerSec" : 173.25650381548374,
    "sentKBytesPerSec" : 9.61812981886354
  },
  "Confirmação de compra" : {
    "transaction" : "Confirmação de compra",
    "sampleCount" : 250,
    "errorCount" : 0,
    "errorPct" : 0.0,
    "meanResTime" : 167.15999999999997,
    "medianResTime" : 155.0,
    "minResTime" : 101.0,
    "maxResTime" : 416.0,
    "pct1ResTime" : 227.9,
    "pct2ResTime" : 257.9,
    "pct3ResTime" : 322.96000000000004,
    "throughput" : 26.516758591429785,
    "receivedKBytesPerSec" : 149.67508684238436,
    "sentKBytesPerSec" : 14.449561810564276
  }
}