{
  "Total" : {
    "transaction" : "Total",
    "sampleCount" : 750,
    "errorCount" : 0,
    "errorPct" : 0.0,
    "meanResTime" : 201.38533333333325,
    "medianResTime" : 183.5,
    "minResTime" : 155.0,
    "maxResTime" : 899.0,
    "pct1ResTime" : 232.89999999999998,
    "pct2ResTime" : 255.0,
    "pct3ResTime" : 737.45,
    "throughput" : 72.26129684940746,
    "receivedKBytesPerSec" : 467.6352189517295,
    "sentKBytesPerSec" : 31.096821105116103
  },
  "Escolha do destino" : {
    "transaction" : "Escolha do destino",
    "sampleCount" : 250,
    "errorCount" : 0,
    "errorPct" : 0.0,
    "meanResTime" : 247.17999999999992,
    "medianResTime" : 215.0,
    "minResTime" : 190.0,
    "maxResTime" : 899.0,
    "pct1ResTime" : 264.9,
    "pct2ResTime" : 541.3499999999999,
    "pct3ResTime" : 796.8000000000002,
    "throughput" : 24.865725084543463,
    "receivedKBytesPerSec" : 179.2346718345932,
    "sentKBytesPerSec" : 9.49462744927392
  },
  "Escolha da passagem" : {
    "transaction" : "Escolha da passagem",
    "sampleCount" : 250,
    "errorCount" : 0,
    "errorPct" : 0.0,
    "meanResTime" : 177.57200000000003,
    "medianResTime" : 172.0,
    "minResTime" : 155.0,
    "maxResTime" : 272.0,
    "pct1ResTime" : 198.0,
    "pct2ResTime" : 227.45,
    "pct3ResTime" : 261.35000000000014,
    "throughput" : 26.477441220080493,
    "receivedKBytesPerSec" : 173.7352471007202,
    "sentKBytesPerSec" : 9.64461481942385
  },
  "Confirmação de compra" : {
    "transaction" : "Confirmação de compra",
    "sampleCount" : 250,
    "errorCount" : 0,
    "errorPct" : 0.0,
    "meanResTime" : 179.40399999999994,
    "medianResTime" : 173.5,
    "minResTime" : 158.0,
    "maxResTime" : 277.0,
    "pct1ResTime" : 207.9,
    "pct2ResTime" : 223.45,
    "pct3ResTime" : 271.94000000000005,
    "throughput" : 26.525198938992045,
    "receivedKBytesPerSec" : 149.72438660477454,
    "sentKBytesPerSec" : 14.454161140583553
  }
}