{
  "Total" : {
    "transaction" : "Total",
    "sampleCount" : 750,
    "errorCount" : 0,
    "errorPct" : 0.0,
    "meanResTime" : 164.20666666666668,
    "medianResTime" : 151.5,
    "minResTime" : 115.0,
    "maxResTime" : 675.0,
    "pct1ResTime" : 194.0,
    "pct2ResTime" : 219.0,
    "pct3ResTime" : 560.8400000000001,
    "throughput" : 72.93591364387825,
    "receivedKBytesPerSec" : 472.00172614995626,
    "sentKBytesPerSec" : 31.387134712632502
  },
  "Escolha do destino" : {
    "transaction" : "Escolha do destino",
    "sampleCount" : 250,
    "errorCount" : 0,
    "errorPct" : 0.0,
    "meanResTime" : 186.82000000000002,
    "medianResTime" : 163.0,
    "minResTime" : 123.0,
    "maxResTime" : 675.0,
    "pct1ResTime" : 219.9,
    "pct2ResTime" : 342.3999999999992,
    "pct3ResTime" : 669.9000000000001,
    "throughput" : 25.035049068696175,
    "receivedKBytesPerSec" : 180.45713217254155,
    "sentKBytesPerSec" : 9.559281431504106
  },
  "Escolha da passagem" : {
    "transaction" : "Escolha da passagem",
    "sampleCount" : 250,
    "errorCount" : 0,
    "errorPct" : 0.0,
    "meanResTime" : 151.96799999999988,
    "medianResTime" : 146.0,
    "minResTime" : 117.0,
    "maxResTime" : 258.0,
    "pct1ResTime" : 177.0,
    "pct2ResTime" : 199.45,
    "pct3ResTime" : 235.35000000000014,
    "throughput" : 26.376872757965813,
    "receivedKBytesPerSec" : 173.07535377980588,
    "sentKBytesPerSec" : 9.60798197140747
  },
  "Confirmação de compra" : {
    "transaction" : "Confirmação de compra",
    "sampleCount" : 250,
    "errorCount" : 0,
    "errorPct" : 0.0,
    "meanResTime" : 153.83200000000002,
    "medianResTime" : 148.0,
    "minResTime" : 115.0,
    "maxResTime" : 254.0,
    "pct1ResTime" : 184.8,
    "pct2ResTime" : 200.45,
    "pct3ResTime" : 246.94000000000005,
    "throughput" : 26.39358108108108,
    "receivedKBytesPerSec" : 148.98021801097974,
    "sentKBytesPerSec" : 14.38243969066723
  }
}