{
  "Total" : {
    "transaction" : "Total",
    "sampleCount" : 750,
    "errorCount" : 0,
    "errorPct" : 0.0,
    "meanResTime" : 167.6359999999998,
    "medianResTime" : 153.0,
    "minResTime" : 96.0,
    "maxResTime" : 668.0,
    "pct1ResTime" : 205.89999999999998,
    "pct2ResTime" : 250.3499999999998,
    "pct3ResTime" : 528.8300000000006,
    "throughput" : 72.61109497531223,
    "receivedKBytesPerSec" : 469.89400292864747,
    "sentKBytesPerSec" : 31.24735272049569
  },
  "Escolha do destino" : {
    "transaction" : "Escolha do destino",
    "sampleCount" : 250,
    "errorCount" : 0,
    "errorPct" : 0.0,
    "meanResTime" : 185.8360000000001,
    "medianResTime" : 163.0,
    "minResTime" : 109.0,
    "maxResTime" : 668.0,
    "pct1ResTime" : 238.70000000000002,
    "pct2ResTime" : 329.29999999999984,
    "pct3ResTime" : 657.4100000000001,
    "throughput" : 24.970035956851778,
    "receivedKBytesPerSec" : 179.9842142553935,
    "sentKBytesPerSec" : 9.534457088993207
  },
  "Escolha da passagem" : {
    "transaction" : "Escolha da passagem",
    "sampleCount" : 250,
    "errorCount" : 0,
    "errorPct" : 0.0,
    "meanResTime" : 156.89199999999994,
    "medianResTime" : 148.5,
    "minResTime" : 96.0,
    "maxResTime" : 426.0,
    "pct1ResTime" : 198.0,
    "pct2ResTime" : 225.14999999999992,
    "pct3ResTime" : 273.9000000000001,
    "throughput" : 26.12876254180602,
    "receivedKBytesPerSec" : 171.44571259667643,
    "sentKBytesPerSec" : 9.517605886810202
  },
  "Confirmação de compra" : {
    "transaction" : "Confirmação de compra",
    "sampleCount" : 250,
    "errorCount" : 0,
    "errorPct" : 0.0,
    "meanResTime" : 160.18000000000015,
    "medianResTime" : 150.0,
    "minResTime" : 103.0,
    "maxResTime" : 444.0,
    "pct1ResTime" : 190.9,
    "pct2ResTime" : 245.45,
    "pct3ResTime" : 382.55000000000086,
    "throughput" : 26.063386155129276,
    "receivedKBytesPerSec" : 147.1164121142619,
    "sentKBytesPerSec" : 14.202509252502084
  }
}