{
  "Total" : {
    "transaction" : "Total",
    "sampleCount" : 750,
    "errorCount" : 0,
    "errorPct" : 0.0,
    "meanResTime" : 654.7386666666681,
    "medianResTime" : 388.5,
    "minResTime" : 133.0,
    "maxResTime" : 3785.0,
    "pct1ResTime" : 1344.6999999999998,
    "pct2ResTime" : 1822.3999999999992,
    "pct3ResTime" : 3287.3400000000006,
    "throughput" : 54.99340079190497,
    "receivedKBytesPerSec" : 355.8817733538642,
    "sentKBytesPerSec" : 23.6657798980789
  },
  "Escolha do destino" : {
    "transaction" : "Escolha do destino",
    "sampleCount" : 250,
    "errorCount" : 0,
    "errorPct" : 0.0,
    "meanResTime" : 738.028,
    "medianResTime" : 530.5,
    "minResTime" : 156.0,
    "maxResTime" : 3427.0,
    "pct1ResTime" : 1665.1000000000001,
    "pct2ResTime" : 1970.8999999999987,
    "pct3ResTime" : 3007.350000000006,
    "throughput" : 21.338340730624786,
    "receivedKBytesPerSec" : 153.80692669213042,
    "sentKBytesPerSec" : 8.147745337572552
  },
  "Escolha da passagem" : {
    "transaction" : "Escolha da passagem",
    "sampleCount" : 250,
    "errorCount" : 0,
    "errorPct" : 0.0,
    "meanResTime" : 600.4839999999996,
    "medianResTime" : 374.5,
    "minResTime" : 133.0,
    "maxResTime" : 3393.0,
    "pct1ResTime" : 1271.8000000000002,
    "pct2ResTime" : 1447.3499999999992,
    "pct3ResTime" : 3090.2300000000023,
    "throughput" : 24.203698325104074,
    "receivedKBytesPerSec" : 158.81313383434988,
    "sentKBytesPerSec" : 8.816386206312323
  },
  "Confirmação de compra" : {
    "transaction" : "Confirmação de compra",
    "sampleCount" : 250,
    "errorCount" : 0,
    "errorPct" : 0.0,
    "meanResTime" : 625.7040000000003,
    "medianResTime" : 317.5,
    "minResTime" : 134.0,
    "maxResTime" : 3785.0,
    "pct1ResTime" : 1222.2000000000003,
    "pct2ResTime" : 2637.5999999999985,
    "pct3ResTime" : 3558.76,
    "throughput" : 21.538726630481605,
    "receivedKBytesPerSec" : 121.57601555096063,
    "sentKBytesPerSec" : 11.73692330059447
  }
}