{
  "Total" : {
    "transaction" : "Total",
    "sampleCount" : 750,
    "errorCount" : 0,
    "errorPct" : 0.0,
    "meanResTime" : 166.55333333333334,
    "medianResTime" : 155.0,
    "minResTime" : 97.0,
    "maxResTime" : 783.0,
    "pct1ResTime" : 193.0,
    "pct2ResTime" : 213.0,
    "pct3ResTime" : 557.4300000000001,
    "throughput" : 72.992700729927,
    "receivedKBytesPerSec" : 472.3688412408759,
    "sentKBytesPerSec" : 31.411572384428222
  },
  "Escolha do destino" : {
    "transaction" : "Escolha do destino",
    "sampleCount" : 250,
    "errorCount" : 0,
    "errorPct" : 0.0,
    "meanResTime" : 200.56399999999996,
    "medianResTime" : 178.5,
    "minResTime" : 125.0,
    "maxResTime" : 783.0,
    "pct1ResTime" : 222.0,
    "pct2ResTime" : 375.7499999999989,
    "pct3ResTime" : 705.0100000000004,
    "throughput" : 25.00500100020004,
    "receivedKBytesPerSec" : 180.23858677985598,
    "sentKBytesPerSec" : 9.54780799909982
  },
  "Escolha da passagem" : {
    "transaction" : "Escolha da passagem",
    "sampleCount" : 250,
    "errorCount" : 0,
    "errorPct" : 0.0,
    "meanResTime" : 148.58800000000008,
    "medianResTime" : 145.0,
    "minResTime" : 97.0,
    "maxResTime" : 273.0,
    "pct1ResTime" : 168.9,
    "pct2ResTime" : 188.45,
    "pct3ResTime" : 234.94000000000005,
    "throughput" : 26.374090093891763,
    "receivedKBytesPerSec" : 173.05750705506912,
    "sentKBytesPerSec" : 9.606968364278933
  },
  "Confirmação de compra" : {
    "transaction" : "Confirmação de compra",
    "sampleCount" : 250,
    "errorCount" : 0,
    "errorPct" : 0.0,
    "meanResTime" : 150.50800000000004,
    "medianResTime" : 148.0,
    "minResTime" : 99.0,
    "maxResTime" : 270.0,
    "pct1ResTime" : 171.0,
    "pct2ResTime" : 184.89999999999998,
    "pct3ResTime" : 214.23000000000025,
    "throughput" : 26.37965600928564,
    "receivedKBytesPerSec" : 148.9028536192888,
    "sentKBytesPerSec" : 14.374851614434947
  }
}