{
  "Total" : {
    "transaction" : "Total",
    "sampleCount" : 750,
    "errorCount" : 0,
    "errorPct" : 0.0,
    "meanResTime" : 175.0760000000001,
    "medianResTime" : 157.5,
    "minResTime" : 91.0,
    "maxResTime" : 713.0,
    "pct1ResTime" : 232.89999999999998,
    "pct2ResTime" : 299.4999999999993,
    "pct3ResTime" : 562.8700000000006,
    "throughput" : 72.20564166746895,
    "receivedKBytesPerSec" : 467.26940827476653,
    "sentKBytesPerSec" : 31.07287053528449
  },
  "Escolha do destino" : {
    "transaction" : "Escolha do destino",
    "sampleCount" : 250,
    "errorCount" : 0,
    "errorPct" : 0.0,
    "meanResTime" : 216.56000000000003,
    "medianResTime" : 188.0,
    "minResTime" : 134.0,
    "maxResTime" : 713.0,
    "pct1ResTime" : 318.40000000000003,
    "pct2ResTime" : 419.9,
    "pct3ResTime" : 674.45,
    "throughput" : 24.910322837783976,
    "receivedKBytesPerSec" : 179.5538016266441,
    "sentKBytesPerSec" : 9.511656474192906
  },
  "Escolha da passagem" : {
    "transaction" : "Escolha da passagem",
    "sampleCount" : 250,
    "errorCount" : 0,
    "errorPct" : 0.0,
    "meanResTime" : 155.66400000000007,
    "medianResTime" : 145.0,
    "minResTime" : 91.0,
    "maxResTime" : 387.0,
    "pct1ResTime" : 215.9,
    "pct2ResTime" : 263.0,
    "pct3ResTime" : 332.4100000000001,
    "throughput" : 26.257746035080352,
    "receivedKBytesPerSec" : 172.29163657966598,
    "sentKBytesPerSec" : 9.564589131918915
  },
  "Confirmação de compra" : {
    "transaction" : "Confirmação de compra",
    "sampleCount" : 250,
    "errorCount" : 0,
    "errorPct" : 0.0,
    "meanResTime" : 153.00400000000005,
    "medianResTime" : 147.0,
    "minResTime" : 93.0,
    "maxResTime" : 326.0,
    "pct1ResTime" : 204.9,
    "pct2ResTime" : 233.89999999999998,
    "pct3ResTime" : 314.8000000000002,
    "throughput" : 26.006449599500677,
    "receivedKBytesPerSec" : 146.79462381670655,
    "sentKBytesPerSec" : 14.171483277852909
  }
}