{
  "Total" : {
    "transaction" : "Total",
    "sampleCount" : 750,
    "errorCount" : 0,
    "errorPct" : 0.0,
    "meanResTime" : 619.7413333333332,
    "medianResTime" : 530.0,
    "minResTime" : 134.0,
    "maxResTime" : 2006.0,
    "pct1ResTime" : 1212.9,
    "pct2ResTime" : 1354.6999999999996,
    "pct3ResTime" : 1663.49,
    "throughput" : 59.194948697711126,
    "receivedKBytesPerSec" : 383.0714779005525,
    "sentKBytesPerSec" : 25.473867896606155
  },
  "Escolha do destino" : {
    "transaction" : "Escolha do destino",
    "sampleCount" : 250,
    "errorCount" : 0,
    "errorPct" : 0.0,
    "meanResTime" : 669.9520000000001,
    "medianResTime" : 618.0,
    "minResTime" : 163.0,
    "maxResTime" : 2006.0,
    "pct1ResTime" : 1309.9,
    "pct2ResTime" : 1422.9,
    "pct3ResTime" : 1839.41,
    "throughput" : 22.24001423360911,
    "receivedKBytesPerSec" : 160.30619634596567,
    "sentKBytesPerSec" : 8.492036684903479
  },
  "Escolha da passagem" : {
    "transaction" : "Escolha da passagem",
    "sampleCount" : 250,
    "errorCount" : 0,
    "errorPct" : 0.0,
    "meanResTime" : 609.1999999999995,
    "medianResTime" : 532.0,
    "minResTime" : 134.0,
    "maxResTime" : 1735.0,
    "pct1ResTime" : 1172.5,
    "pct2ResTime" : 1332.2499999999998,
    "pct3ResTime" : 1663.49,
    "throughput" : 22.238035936666073,
    "receivedKBytesPerSec" : 145.91539400240168,
    "sentKBytesPerSec" : 8.100378324586371
  },
  "Confirmação de compra" : {
    "transaction" : "Confirmação de compra",
    "sampleCount" : 250,
    "errorCount" : 0,
    "errorPct" : 0.0,
    "meanResTime" : 580.0720000000005,
    "medianResTime" : 480.5,
    "minResTime" : 135.0,
    "maxResTime" : 1574.0,
    "pct1ResTime" : 1110.6000000000001,
    "pct2ResTime" : 1325.4499999999998,
    "pct3ResTime" : 1555.92,
    "throughput" : 21.48320013749248,
    "receivedKBytesPerSec" : 121.2625945260806,
    "sentKBytesPerSec" : 11.70666569992266
  }
}