{
  "Total" : {
    "transaction" : "Total",
    "sampleCount" : 750,
    "errorCount" : 0,
    "errorPct" : 0.0,
    "meanResTime" : 214.55600000000004,
    "medianResTime" : 198.0,
    "minResTime" : 126.0,
    "maxResTime" : 832.0,
    "pct1ResTime" : 271.9,
    "pct2ResTime" : 318.44999999999993,
    "pct3ResTime" : 652.1100000000004,
    "throughput" : 71.92864678239187,
    "receivedKBytesPerSec" : 465.4779958281385,
    "sentKBytesPerSec" : 30.953668960391294
  },
  "Escolha do destino" : {
    "transaction" : "Escolha do destino",
    "sampleCount" : 250,
    "errorCount" : 0,
    "errorPct" : 0.0,
    "meanResTime" : 253.9920000000001,
    "medianResTime" : 220.0,
    "minResTime" : 166.0,
    "maxResTime" : 832.0,
    "pct1ResTime" : 320.8,
    "pct2ResTime" : 432.4999999999999,
    "pct3ResTime" : 799.7600000000002,
    "throughput" : 24.91528802072952,
    "receivedKBytesPerSec" : 179.590758608232,
    "sentKBytesPerSec" : 9.513552359477774
  },
  "Escolha da passagem" : {
    "transaction" : "Escolha da passagem",
    "sampleCount" : 250,
    "errorCount" : 0,
    "errorPct" : 0.0,
    "meanResTime" : 195.78400000000002,
    "medianResTime" : 180.0,
    "minResTime" : 128.0,
    "maxResTime" : 453.0,
    "pct1ResTime" : 258.70000000000005,
    "pct2ResTime" : 293.1499999999999,
    "pct3ResTime" : 401.6800000000003,
    "throughput" : 26.385224274406333,
    "receivedKBytesPerSec" : 173.12809201846966,
    "sentKBytesPerSec" : 9.61102407651715
  },
  "Confirmação de compra" : {
    "transaction" : "Confirmação de compra",
    "sampleCount" : 250,
    "errorCount" : 0,
    "errorPct" : 0.0,
    "meanResTime" : 193.892,
    "medianResTime" : 183.5,
    "minResTime" : 126.0,
    "maxResTime" : 492.0,
    "pct1ResTime" : 245.50000000000003,
    "pct2ResTime" : 269.24999999999994,
    "pct3ResTime" : 384.23000000000025,
    "throughput" : 26.282590412111016,
    "receivedKBytesPerSec" : 148.3533135775862,
    "sentKBytesPerSec" : 14.321958447224558
  }
}