{
  "Total" : {
    "transaction" : "Total",
    "sampleCount" : 750,
    "errorCount" : 0,
    "errorPct" : 0.0,
    "meanResTime" : 205.01866666666683,
    "medianResTime" : 189.0,
    "minResTime" : 129.0,
    "maxResTime" : 819.0,
    "pct1ResTime" : 243.89999999999998,
    "pct2ResTime" : 271.89999999999986,
    "pct3ResTime" : 674.98,
    "throughput" : 71.97006045485078,
    "receivedKBytesPerSec" : 465.74749904039925,
    "sentKBytesPerSec" : 30.971490859802323
  },
  "Escolha do destino" : {
    "transaction" : "Escolha do destino",
    "sampleCount" : 250,
    "errorCount" : 0,
    "errorPct" : 0.0,
    "meanResTime" : 249.31599999999995,
    "medianResTime" : 223.0,
    "minResTime" : 176.0,
    "maxResTime" : 819.0,
    "pct1ResTime" : 279.8,
    "pct2ResTime" : 428.2999999999996,
    "pct3ResTime" : 772.4600000000005,
    "throughput" : 24.79420807299415,
    "receivedKBytesPerSec" : 178.71762031389468,
    "sentKBytesPerSec" : 9.467319684121788
  },
  "Escolha da passagem" : {
    "transaction" : "Escolha da passagem",
    "sampleCount" : 250,
    "errorCount" : 0,
    "errorPct" : 0.0,
    "meanResTime" : 183.25199999999995,
    "medianResTime" : 177.5,
    "minResTime" : 129.0,
    "maxResTime" : 350.0,
    "pct1ResTime" : 217.30000000000004,
    "pct2ResTime" : 236.74999999999983,
    "pct3ResTime" : 315.8000000000002,
    "throughput" : 26.254988447805086,
    "receivedKBytesPerSec" : 172.27600392512076,
    "sentKBytesPerSec" : 9.56358465921025
  },
  "Confirmação de compra" : {
    "transaction" : "Confirmação de compra",
    "sampleCount" : 250,
    "errorCount" : 0,
    "errorPct" : 0.0,
    "meanResTime" : 182.4880000000001,
    "medianResTime" : 178.0,
    "minResTime" : 130.0,
    "maxResTime" : 286.0,
    "pct1ResTime" : 212.0,
    "pct2ResTime" : 230.89999999999998,
    "pct3ResTime" : 264.98,
    "throughput" : 26.219192448872572,
    "receivedKBytesPerSec" : 147.99505112742528,
    "sentKBytesPerSec" : 14.287411510225486
  }
}