{
  "Total" : {
    "transaction" : "Total",
    "sampleCount" : 750,
    "errorCount" : 0,
    "errorPct" : 0.0,
    "meanResTime" : 659.9706666666661,
    "medianResTime" : 413.0,
    "minResTime" : 135.0,
    "maxResTime" : 3235.0,
    "pct1ResTime" : 1641.5999999999997,
    "pct2ResTime" : 2009.7999999999997,
    "pct3ResTime" : 2477.98,
    "throughput" : 59.18093584786554,
    "receivedKBytesPerSec" : 382.9814122543991,
    "sentKBytesPerSec" : 25.46783762723901
  },
  "Escolha do destino" : {
    "transaction" : "Escolha do destino",
    "sampleCount" : 250,
    "errorCount" : 0,
    "errorPct" : 0.0,
    "meanResTime" : 828.3920000000002,
    "medianResTime" : 606.0,
    "minResTime" : 151.0,
    "maxResTime" : 3235.0,
    "pct1ResTime" : 2004.1000000000001,
    "pct2ResTime" : 2328.5,
    "pct3ResTime" : 2652.0600000000018,
    "throughput" : 22.681908909453817,
    "receivedKBytesPerSec" : 163.49137662175647,
    "sentKBytesPerSec" : 8.660767952730902
  },
  "Escolha da passagem" : {
    "transaction" : "Escolha da passagem",
    "sampleCount" : 250,
    "errorCount" : 0,
    "errorPct" : 0.0,
    "meanResTime" : 581.2239999999997,
    "medianResTime" : 387.0,
    "minResTime" : 135.0,
    "maxResTime" : 2477.0,
    "pct1ResTime" : 1235.0,
    "pct2ResTime" : 1848.4499999999998,
    "pct3ResTime" : 2194.510000000001,
    "throughput" : 25.255076270330335,
    "receivedKBytesPerSec" : 165.71216947418932,
    "sentKBytesPerSec" : 9.199358836751188
  },
  "Confirmação de compra" : {
    "transaction" : "Confirmação de compra",
    "sampleCount" : 250,
    "errorCount" : 0,
    "errorPct" : 0.0,
    "meanResTime" : 570.2959999999999,
    "medianResTime" : 339.0,
    "minResTime" : 136.0,
    "maxResTime" : 2497.0,
    "pct1ResTime" : 1461.6000000000004,
    "pct2ResTime" : 1825.049999999999,
    "pct3ResTime" : 2293.6900000000014,
    "throughput" : 23.87774594078319,
    "receivedKBytesPerSec" : 134.77905623209168,
    "sentKBytesPerSec" : 13.011506088825215
  }
}