{
  "Total" : {
    "transaction" : "Total",
    "sampleCount" : 750,
    "errorCount" : 0,
    "errorPct" : 0.0,
    "meanResTime" : 174.73599999999993,
    "medianResTime" : 160.0,
    "minResTime" : 102.0,
    "maxResTime" : 733.0,
    "pct1ResTime" : 214.0,
    "pct2ResTime" : 249.44999999999993,
    "pct3ResTime" : 595.5400000000004,
    "throughput" : 72.83674856754395,
    "receivedKBytesPerSec" : 471.3561899096824,
    "sentKBytesPerSec" : 31.34446015829853
  },
  "Escolha do destino" : {
    "transaction" : "Escolha do destino",
    "sampleCount" : 250,
    "errorCount" : 0,
    "errorPct" : 0.0,
    "meanResTime" : 207.69600000000014,
    "medianResTime" : 178.0,
    "minResTime" : 126.0,
    "maxResTime" : 733.0,
    "pct1ResTime" : 249.9,
    "pct2ResTime" : 432.0,
    "pct3ResTime" : 729.98,
    "throughput" : 24.98500899460324,
    "receivedKBytesPerSec" : 180.0940919823106,
    "sentKBytesPerSec" : 9.540174332900259
  },
  "Escolha da passagem" : {
    "transaction" : "Escolha da passagem",
    "sampleCount" : 250,
    "errorCount" : 0,
    "errorPct" : 0.0,
    "meanResTime" : 158.48399999999992,
    "medianResTime" : 150.0,
    "minResTime" : 102.0,
    "maxResTime" : 375.0,
    "pct1ResTime" : 193.8,
    "pct2ResTime" : 230.79999999999995,
    "pct3ResTime" : 297.4100000000001,
    "throughput" : 26.46342754313539,
    "receivedKBytesPerSec" : 173.64081355192127,
    "sentKBytesPerSec" : 9.639510228114746
  },
  "Confirmação de compra" : {
    "transaction" : "Confirmação de compra",
    "sampleCount" : 250,
    "errorCount" : 0,
    "errorPct" : 0.0,
    "meanResTime" : 158.02799999999988,
    "medianResTime" : 151.0,
    "minResTime" : 102.0,
    "maxResTime" : 327.0,
    "pct1ResTime" : 191.8,
    "pct2ResTime" : 219.89999999999998,
    "pct3ResTime" : 264.43000000000006,
    "throughput" : 26.499894000423996,
    "receivedKBytesPerSec" : 149.5811360504558,
    "sentKBytesPerSec" : 14.440371926012297
  }
}