{
  "Total" : {
    "transaction" : "Total",
    "sampleCount" : 750,
    "errorCount" : 0,
    "errorPct" : 0.0,
    "meanResTime" : 428.1333333333333,
    "medianResTime" : 191.0,
    "minResTime" : 158.0,
    "maxResTime" : 165594.0,
    "pct1ResTime" : 243.79999999999995,
    "pct2ResTime" : 275.0,
    "pct3ResTime" : 688.1900000000003,
    "throughput" : 4.451434845831973,
    "receivedKBytesPerSec" : 28.807043282784814,
    "sentKBytesPerSec" : 1.9156239798795143
  },
  "Escolha do destino" : {
    "transaction" : "Escolha do destino",
    "sampleCount" : 250,
    "errorCount" : 0,
    "errorPct" : 0.0,
    "meanResTime" : 911.7999999999998,
    "medianResTime" : 215.0,
    "minResTime" : 194.0,
    "maxResTime" : 165594.0,
    "pct1ResTime" : 284.0,
    "pct2ResTime" : 495.99999999999955,
    "pct3ResTime" : 1385.0600000000109,
    "throughput" : 1.4875462626887697,
    "receivedKBytesPerSec" : 10.722268325826182,
    "sentKBytesPerSec" : 0.5679986217883876
  },
  "Escolha da passagem" : {
    "transaction" : "Escolha da passagem",
    "sampleCount" : 250,
    "errorCount" : 0,
    "errorPct" : 0.0,
    "meanResTime" : 184.516,
    "medianResTime" : 175.0,
    "minResTime" : 158.0,
    "maxResTime" : 414.0,
    "pct1ResTime" : 210.9,
    "pct2ResTime" : 236.34999999999997,
    "pct3ResTime" : 326.8300000000006,
    "throughput" : 1.4915310864909046,
    "receivedKBytesPerSec" : 9.786832707636043,
    "sentKBytesPerSec" : 0.5433018508409252
  },
  "Confirmação de compra" : {
    "transaction" : "Confirmação de compra",
    "sampleCount" : 250,
    "errorCount" : 0,
    "errorPct" : 0.0,
    "meanResTime" : 188.08399999999997,
    "medianResTime" : 177.0,
    "minResTime" : 161.0,
    "maxResTime" : 1093.0,
    "pct1ResTime" : 215.9,
    "pct2ResTime" : 236.45,
    "pct3ResTime" : 292.0500000000004,
    "throughput" : 1.4916378780556203,
    "receivedKBytesPerSec" : 8.419689843736016,
    "sentKBytesPerSec" : 0.8128261093310899
  }
}