{
  "Total" : {
    "transaction" : "Total",
    "sampleCount" : 750,
    "errorCount" : 0,
    "errorPct" : 0.0,
    "meanResTime" : 168.9426666666666,
    "medianResTime" : 153.0,
    "minResTime" : 95.0,
    "maxResTime" : 951.0,
    "pct1ResTime" : 207.0,
    "pct2ResTime" : 260.24999999999966,
    "pct3ResTime" : 626.0700000000004,
    "throughput" : 72.992700729927,
    "receivedKBytesPerSec" : 472.3631386861314,
    "sentKBytesPerSec" : 31.411572384428222
  },
  "Escolha do destino" : {
    "transaction" : "Escolha do destino",
    "sampleCount" : 250,
    "errorCount" : 0,
    "errorPct" : 0.0,
    "meanResTime" : 192.95999999999995,
    "medianResTime" : 162.0,
    "minResTime" : 103.0,
    "maxResTime" : 951.0,
    "pct1ResTime" : 263.9,
    "pct2ResTime" : 397.89999999999975,
    "pct3ResTime" : 725.3900000000001,
    "throughput" : 25.065169440545418,
    "receivedKBytesPerSec" : 180.67032879236012,
    "sentKBytesPerSec" : 9.57078247192701
  },
  "Escolha da passagem" : {
    "transaction" : "Escolha da passagem",
    "sampleCount" : 250,
    "errorCount" : 0,
    "errorPct" : 0.0,
    "meanResTime" : 156.30400000000003,
    "medianResTime" : 149.0,
    "minResTime" : 96.0,
    "maxResTime" : 438.0,
    "pct1ResTime" : 194.9,
    "pct2ResTime" : 212.0,
    "pct3ResTime" : 303.0300000000004,
    "throughput" : 26.455026455026452,
    "receivedKBytesPerSec" : 173.585689484127,
    "sentKBytesPerSec" : 9.636450066137566
  },
  "Confirmação de compra" : {
    "transaction" : "Confirmação de compra",
    "sampleCount" : 250,
    "errorCount" : 0,
    "errorPct" : 0.0,
    "meanResTime" : 157.56399999999994,
    "medianResTime" : 150.0,
    "minResTime" : 95.0,
    "maxResTime" : 311.0,
    "pct1ResTime" : 196.0,
    "pct2ResTime" : 229.79999999999973,
    "pct3ResTime" : 284.9200000000001,
    "throughput" : 26.466229091679015,
    "receivedKBytesPerSec" : 149.39028424730046,
    "sentKBytesPerSec" : 14.422027180817278
  }
}