{
  "Total" : {
    "transaction" : "Total",
    "sampleCount" : 750,
    "errorCount" : 0,
    "errorPct" : 0.0,
    "meanResTime" : 176.4053333333333,
    "medianResTime" : 165.0,
    "minResTime" : 100.0,
    "maxResTime" : 756.0,
    "pct1ResTime" : 214.89999999999998,
    "pct2ResTime" : 251.44999999999993,
    "pct3ResTime" : 557.5500000000009,
    "throughput" : 72.68850552432642,
    "receivedKBytesPerSec" : 470.39382026555535,
    "sentKBytesPerSec" : 31.280665463268075
  },
  "Escolha do destino" : {
    "transaction" : "Escolha do destino",
    "sampleCount" : 250,
    "errorCount" : 0,
    "errorPct" : 0.0,
    "meanResTime" : 206.6039999999999,
    "medianResTime" : 181.0,
    "minResTime" : 125.0,
    "maxResTime" : 756.0,
    "pct1ResTime" : 260.00000000000006,
    "pct2ResTime" : 373.34999999999997,
    "pct3ResTime" : 683.2700000000002,
    "throughput" : 24.952590078850182,
    "receivedKBytesPerSec" : 179.85846423046212,
    "sentKBytesPerSec" : 9.52779562581096
  },
  "Escolha da passagem" : {
    "transaction" : "Escolha da passagem",
    "sampleCount" : 250,
    "errorCount" : 0,
    "errorPct" : 0.0,
    "meanResTime" : 160.81200000000004,
    "medianResTime" : 154.0,
    "minResTime" : 100.0,
    "maxResTime" : 286.0,
    "pct1ResTime" : 199.9,
    "pct2ResTime" : 241.14999999999992,
    "pct3ResTime" : 275.43000000000006,
    "throughput" : 26.288117770767613,
    "receivedKBytesPerSec" : 172.49051163249212,
    "sentKBytesPerSec" : 9.575652273922188
  },
  "Confirmação de compra" : {
    "transaction" : "Confirmação de compra",
    "sampleCount" : 250,
    "errorCount" : 0,
    "errorPct" : 0.0,
    "meanResTime" : 161.7999999999999,
    "medianResTime" : 157.0,
    "minResTime" : 103.0,
    "maxResTime" : 362.0,
    "pct1ResTime" : 198.0,
    "pct2ResTime" : 215.34999999999997,
    "pct3ResTime" : 283.7000000000003,
    "throughput" : 26.15062761506276,
    "receivedKBytesPerSec" : 147.6084433838912,
    "sentKBytesPerSec" : 14.250049032426778
  }
}