{
  "Total" : {
    "transaction" : "Total",
    "sampleCount" : 750,
    "errorCount" : 0,
    "errorPct" : 0.0,
    "meanResTime" : 240.68533333333346,
    "medianResTime" : 211.0,
    "minResTime" : 128.0,
    "maxResTime" : 927.0,
    "pct1ResTime" : 346.69999999999993,
    "pct2ResTime" : 463.7999999999997,
    "pct3ResTime" : 657.49,
    "throughput" : 71.85284537267677,
    "receivedKBytesPerSec" : 464.98595875646674,
    "sentKBytesPerSec" : 30.921048692278212
  },
  "Escolha do destino" : {
    "transaction" : "Escolha do destino",
    "sampleCount" : 250,
    "errorCount" : 0,
    "errorPct" : 0.0,
    "meanResTime" : 279.67599999999993,
    "medianResTime" : 230.0,
    "minResTime" : 164.0,
    "maxResTime" : 927.0,
    "pct1ResTime" : 432.20000000000005,
    "pct2ResTime" : 585.3499999999999,
    "pct3ResTime" : 841.2800000000007,
    "throughput" : 24.735331948154744,
    "receivedKBytesPerSec" : 178.29246592708026,
    "sentKBytesPerSec" : 9.444838663797368
  },
  "Escolha da passagem" : {
    "transaction" : "Escolha da passagem",
    "sampleCount" : 250,
    "errorCount" : 0,
    "errorPct" : 0.0,
    "meanResTime" : 219.82000000000008,
    "medianResTime" : 194.0,
    "minResTime" : 128.0,
    "maxResTime" : 610.0,
    "pct1ResTime" : 312.4000000000001,
    "pct2ResTime" : 372.79999999999995,
    "pct3ResTime" : 581.1500000000003,
    "throughput" : 26.13695765812859,
    "receivedKBytesPerSec" : 171.4986686487193,
    "sentKBytesPerSec" : 9.520591021955045
  },
  "Confirmação de compra" : {
    "transaction" : "Confirmação de compra",
    "sampleCount" : 250,
    "errorCount" : 0,
    "errorPct" : 0.0,
    "meanResTime" : 222.55999999999997,
    "medianResTime" : 195.0,
    "minResTime" : 130.0,
    "maxResTime" : 658.0,
    "pct1ResTime" : 310.8,
    "pct2ResTime" : 385.69999999999993,
    "pct3ResTime" : 620.1500000000003,
    "throughput" : 26.216442953020135,
    "receivedKBytesPerSec" : 147.9799411440856,
    "sentKBytesPerSec" : 14.28591324979027
  }
}