{
  "Total" : {
    "transaction" : "Total",
    "sampleCount" : 750,
    "errorCount" : 0,
    "errorPct" : 0.0,
    "meanResTime" : 200.75333333333342,
    "medianResTime" : 187.0,
    "minResTime" : 127.0,
    "maxResTime" : 870.0,
    "pct1ResTime" : 233.89999999999998,
    "pct2ResTime" : 249.0,
    "pct3ResTime" : 666.9300000000005,
    "throughput" : 72.4777734827986,
    "receivedKBytesPerSec" : 469.03651369829913,
    "sentKBytesPerSec" : 31.189979343834555
  },
  "Escolha do destino" : {
    "transaction" : "Escolha do destino",
    "sampleCount" : 250,
    "errorCount" : 0,
    "errorPct" : 0.0,
    "meanResTime" : 244.31199999999993,
    "medianResTime" : 214.0,
    "minResTime" : 164.0,
    "maxResTime" : 870.0,
    "pct1ResTime" : 273.00000000000006,
    "pct2ResTime" : 456.54999999999956,
    "pct3ResTime" : 789.47,
    "throughput" : 24.92522432701894,
    "receivedKBytesPerSec" : 179.66744298354936,
    "sentKBytesPerSec" : 9.517346398305085
  },
  "Escolha da passagem" : {
    "transaction" : "Escolha da passagem",
    "sampleCount" : 250,
    "errorCount" : 0,
    "errorPct" : 0.0,
    "meanResTime" : 179.21200000000002,
    "medianResTime" : 175.0,
    "minResTime" : 127.0,
    "maxResTime" : 301.0,
    "pct1ResTime" : 205.9,
    "pct2ResTime" : 227.79999999999995,
    "pct3ResTime" : 244.47000000000003,
    "throughput" : 26.612731530764318,
    "receivedKBytesPerSec" : 174.62130914679582,
    "sentKBytesPerSec" : 9.693895372045986
  },
  "Confirmação de compra" : {
    "transaction" : "Confirmação de compra",
    "sampleCount" : 250,
    "errorCount" : 0,
    "errorPct" : 0.0,
    "meanResTime" : 178.73600000000002,
    "medianResTime" : 175.0,
    "minResTime" : 136.0,
    "maxResTime" : 261.0,
    "pct1ResTime" : 200.0,
    "pct2ResTime" : 210.89999999999998,
    "pct3ResTime" : 241.45000000000005,
    "throughput" : 26.587259385302563,
    "receivedKBytesPerSec" : 150.0726164521961,
    "sentKBytesPerSec" : 14.48797923535042
  }
}