{
  "Total" : {
    "transaction" : "Total",
    "sampleCount" : 750,
    "errorCount" : 0,
    "errorPct" : 0.0,
    "meanResTime" : 559.6253333333339,
    "medianResTime" : 317.0,
    "minResTime" : 129.0,
    "maxResTime" : 3455.0,
    "pct1ResTime" : 1162.6,
    "pct2ResTime" : 1650.8999999999999,
    "pct3ResTime" : 3255.09,
    "throughput" : 57.502108410641725,
    "receivedKBytesPerSec" : 372.1165088553247,
    "sentKBytesPerSec" : 24.74537347619413
  },
  "Escolha do destino" : {
    "transaction" : "Escolha do destino",
    "sampleCount" : 250,
    "errorCount" : 0,
    "errorPct" : 0.0,
    "meanResTime" : 537.524,
    "medianResTime" : 353.5,
    "minResTime" : 140.0,
    "maxResTime" : 3212.0,
    "pct1ResTime" : 1158.4,
    "pct2ResTime" : 1586.25,
    "pct3ResTime" : 2589.0800000000017,
    "throughput" : 21.049086469647218,
    "receivedKBytesPerSec" : 151.72197971920517,
    "sentKBytesPerSec" : 8.03729766565631
  },
  "Escolha da passagem" : {
    "transaction" : "Escolha da passagem",
    "sampleCount" : 250,
    "errorCount" : 0,
    "errorPct" : 0.0,
    "meanResTime" : 585.0920000000002,
    "medianResTime" : 297.5,
    "minResTime" : 134.0,
    "maxResTime" : 3455.0,
    "pct1ResTime" : 1378.0000000000002,
    "pct2ResTime" : 3061.2,
    "pct3ResTime" : 3315.9500000000007,
    "throughput" : 21.16312537035469,
    "receivedKBytesPerSec" : 138.86234312833318,
    "sentKBytesPerSec" : 7.708833753068653
  },
  "Confirmação de compra" : {
    "transaction" : "Confirmação de compra",
    "sampleCount" : 250,
    "errorCount" : 0,
    "errorPct" : 0.0,
    "meanResTime" : 556.2599999999998,
    "medianResTime" : 303.5,
    "minResTime" : 129.0,
    "maxResTime" : 3455.0,
    "pct1ResTime" : 1156.1000000000001,
    "pct2ResTime" : 2019.8499999999958,
    "pct3ResTime" : 3277.4700000000003,
    "throughput" : 20.532194480946124,
    "receivedKBytesPerSec" : 115.89461337877792,
    "sentKBytesPerSec" : 11.188441914421814
  }
}