{
  "Total" : {
    "transaction" : "Total",
    "sampleCount" : 750,
    "errorCount" : 0,
    "errorPct" : 0.0,
    "meanResTime" : 621.6653333333333,
    "medianResTime" : 437.5,
    "minResTime" : 129.0,
    "maxResTime" : 3371.0,
    "pct1ResTime" : 1303.4999999999995,
    "pct2ResTime" : 1747.6499999999946,
    "pct3ResTime" : 3172.3800000000006,
    "throughput" : 49.24491135915955,
    "receivedKBytesPerSec" : 318.6817752790545,
    "sentKBytesPerSec" : 21.191983338804988
  },
  "Escolha do destino" : {
    "transaction" : "Escolha do destino",
    "sampleCount" : 250,
    "errorCount" : 0,
    "errorPct" : 0.0,
    "meanResTime" : 701.4439999999997,
    "medianResTime" : 490.5,
    "minResTime" : 154.0,
    "maxResTime" : 3344.0,
    "pct1ResTime" : 1491.3,
    "pct2ResTime" : 2004.85,
    "pct3ResTime" : 3208.6400000000012,
    "throughput" : 21.113081665399882,
    "receivedKBytesPerSec" : 152.1835874820539,
    "sentKBytesPerSec" : 8.061733331222026
  },
  "Escolha da passagem" : {
    "transaction" : "Escolha da passagem",
    "sampleCount" : 250,
    "errorCount" : 0,
    "errorPct" : 0.0,
    "meanResTime" : 580.352,
    "medianResTime" : 441.5,
    "minResTime" : 129.0,
    "maxResTime" : 3371.0,
    "pct1ResTime" : 1127.4,
    "pct2ResTime" : 1481.4999999999995,
    "pct3ResTime" : 3317.040000000001,
    "throughput" : 22.60397830018083,
    "receivedKBytesPerSec" : 148.31688658453888,
    "sentKBytesPerSec" : 8.233675689421338
  },
  "Confirmação de compra" : {
    "transaction" : "Confirmação de compra",
    "sampleCount" : 250,
    "errorCount" : 0,
    "errorPct" : 0.0,
    "meanResTime" : 583.1999999999999,
    "medianResTime" : 381.5,
    "minResTime" : 134.0,
    "maxResTime" : 3255.0,
    "pct1ResTime" : 1230.3000000000002,
    "pct2ResTime" : 1676.6999999999994,
    "pct3ResTime" : 3083.640000000002,
    "throughput" : 18.477457501847745,
    "receivedKBytesPerSec" : 104.29658628972653,
    "sentKBytesPerSec" : 10.06877078713969
  }
}